PaperIndex,OpenAlexID,Title,Authors,Year,Citations,URL
0,W4387841511,Proceedings of the 32nd ACM International Conference on Information and Knowledge Management,,2023,432,https://doi.org/10.1145/3583780
1,W2747122324,Ensemble Methods for Personalized E-Commerce Search Challenge at CIKM Cup 2016,"Chen Wu, Luo Si, Ming Yan",2017,16,https://doi.org/10.48550/arxiv.1708.04479
2,W2295598076,XGBoost,"Carlos Guestrin, Tianqi Chen",2016,45695,https://doi.org/10.1145/2939672.2939785
3,W2911840101,Proceedings of the 2017 ACM on Conference on Information and Knowledge Management,,2017,747,https://doi.org/10.1145/3132847
4,W2809307135,STAMP,"Haibin Zhang, Qiao Liu, Refuoe Mokhosi, Yifu Zeng",2018,939,https://doi.org/10.1145/3219819.3219950
5,W2897228597,CIKM 2018 Co-Located Workshops Summary,"Alfredo Cuzzocrea, Dimitrios Gunopulos, Francesco Bonchi",2018,5,https://doi.org/10.1145/3269206.3274267
6,W2532475640,Cross-Device User Matching Based on Massive Browse Logs: The Runner-Up Solution for the 2016 CIKM Cup,"Jianxun Lian, Xing Xie",2016,11,https://doi.org/10.48550/arxiv.1610.03928
7,W2583389483,Classification and Learning-to-rank Approaches for Cross-Device Matching at CIKM Cup 2016,Nam Khanh Tran,2016,6,https://doi.org/10.48550/arxiv.1612.07117
8,W2541672923,Cross Device Matching for Online Advertising with Neural Feature Ensembles : First Place Solution at CIKM Cup 2016,"Phan, Minh C., Tuan-Anh Nguyen Pham, Yi Tay",2016,8,https://doi.org/10.48550/arxiv.1610.07119
9,W3210071228,CIKM 2021 Tutorial on Fairness of Machine Learning in Recommender Systems,"Yingqiang Ge, Yongfeng Zhang, Yunqi Li",2021,4,https://doi.org/10.1145/3459637.3483280
10,W3140399761,Proceedings of the 34th ACM International Conference on Information and Knowledge Management,"ChengXiang Zhai, Elisa Bertino, Fábio Crestani, Javed Mostafa, Jie Tang, Luo Si, Parikshit Sondhi, Snehasis Mukhopadhyay, Xiaofang Zhou, Yi Chang, Yunyao Li",2025,166,https://doi.org/10.1145/3746252
11,W4387846609,The First Workshop on Personalized Generative AI @ CIKM 2023: Personalization Meets Large Language Models,"Aram Galstyan, Eunah Cho, Fan Yang, Jie Yang, Julian McAuley, Xiaohua Hu, Yupeng Hou, Zhankui He, Zheng Chen, Ziyan Jiang",2023,4,https://doi.org/10.1145/3583780.3615314
12,W3211286169,Automated Hyperparameter Optimization Challenge at CIKM 2021 AnalyticCup,"Huaijun Jiang, Yang Li, Yu Shen",2021,1,https://doi.org/10.48550/arxiv.2111.00513
13,W3109184532,PFST-LSTM: A SpatioTemporal LSTM Model With Pseudoflow Prediction for Precipitation Nowcasting,"Chuyao Luo, Xutao Li, Yunming Ye",2020,121,https://doi.org/10.1109/jstars.2020.3040648
14,W4403577766,1st Workshop on Multimodal Search and Recommendations (CIKM MMSR '24),"Aditya Chichani, Andrei Lopatenko, Surya Kallumadi, Tracy Holloway King",2024,1,https://doi.org/10.1145/3627673.3679082
15,W4416017548,International Workshop on Multimodal Generative Search and Recommendation (MMGenSR@CIKM 2025),"Haokai Ma, Haoxuan Li, Tat‐Seng Chua, Wenjie Wang, Yang Yang, Yang Zhang, Yi Bin, Yunshan Ma",2025,1,https://doi.org/10.1145/3746252.3761597
16,W4297779388,CIKM AnalytiCup 2017 Lazada Product Title Quality Challenge An Ensemble\n of Deep and Shallow Learning to predict the Quality of Product Titles,"Karamjit Singh, Vishal Sunder",2018,2,https://doi.org/10.48550/arxiv.1804.01000
17,W2604314403,Modeling Relational Data with Graph Convolutional Networks,"Ivan Titov, Max Welling, Michael Schlichtkrull, Peter Bloem, Rianne van den Berg, Thomas Kipf",2018,4930,https://doi.org/10.1007/978-3-319-93417-4_38
18,W3010433785,Proceedings of the 25th ACM International on Conference on Information and Knowledge Management,,2016,17,https://doi.org/10.1145/2983323
19,W2970771982,SciBERT: A Pretrained Language Model for Scientific Text,"Arman Cohan, Iz Beltagy, Kyle Lo",2019,2932,https://doi.org/10.18653/v1/d19-1371
20,W3118349806,A Novel LSTM Model with Interaction Dual Attention for Radar Echo Extrapolation,"Chuyao Luo, Xiaofeng Zhang, Xutao Li, Yongliang Wen, Yunming Ye",2021,77,https://doi.org/10.3390/rs13020164
21,W4289236186,Feature Selection,"Fred Morstatter, Huan Liu, Jiliang Tang, Jundong Li, Kewei Cheng, Robert P. Treviño, Suhang Wang",2017,2242,https://doi.org/10.1145/3136625
22,W2965341826,Graph WaveNet for Deep Spatial-Temporal Graph Modeling,"Chengqi Zhang, Guodong Long, Jing Jiang, Shirui Pan, Zonghan Wu",2019,2507,https://doi.org/10.24963/ijcai.2019/264
23,W2473555522,Hateful Symbols or Hateful People? Predictive Features for Hate Speech Detection on Twitter,"Dirk Hovy, Zeerak Waseem",2016,1630,https://doi.org/10.18653/v1/n16-2013
24,W2899457523,Session-Based Recommendation with Graph Neural Networks,"Liang Wang, Shu Wu, Tieniu Tan, Xing Xie, Yanqiao Zhu, Yuyuan Tang",2019,1419,https://doi.org/10.1609/aaai.v33i01.3301346
25,W4285163472,CEMA-LSTM: Enhancing Contextual Feature Correlation for Radar Extrapolation Using Fine-Grained Echo Datasets,"Hao Wu, Qi Liu, Xiaodong Liu, Yonghong Zhang, Zhiyun Yang",2022,19,https://doi.org/10.32604/cmes.2022.022045
26,W3207678800,Improving graph neural network for session-based recommendation system via non-sequential interactions,"Tajuddeen Gwadabe, Ying Liu",2021,60,https://doi.org/10.1016/j.neucom.2021.10.034
27,W2965857891,Heterogeneous Graph Neural Network,"Ananthram Swami, Chao Huang, Chuxu Zhang, Dongjin Song, Nitesh V. Chawla",2019,1446,https://doi.org/10.1145/3292500.3330961
28,W2964236337,Deep learning for sentiment analysis: A survey,"Bing Liu, Lei Zhang, Shuai Wang",2018,1824,https://doi.org/10.1002/widm.1253
29,W2953356739,ERNIE: Enhanced Language Representation with Informative Entities,"Maosong Sun, Qun Liu, Xin Jiang, Xu Han, Zhengyan Zhang, Zhiyuan Liu",2019,1392,https://doi.org/10.18653/v1/p19-1139
30,W2415243320,Deep Neural Networks for Learning Graph Representations,"Qiongkai Xu, Shaosheng Cao, Wei Lu",2016,1057,https://doi.org/10.1609/aaai.v30i1.10179
31,W2539781657,Predicting the Next Location: A Recurrent Model with Spatial and Temporal Contexts,"Liang Wang, Qiang Liu, Shu Wu, Tieniu Tan",2016,958,https://doi.org/10.1609/aaai.v30i1.9971
32,W2895782815,Empirical Evidence for Search Effectiveness Models,"Alfan Farizki Wicaksono, Alistair Moffat",2018,18,https://doi.org/10.1145/3269206.3269242
33,W2951559648,Character-Aware Neural Language Models,"Alexander M. Rush, David Sontag, Yacine Jernite, Yoon Kim",2016,1035,https://doi.org/10.1609/aaai.v30i1.10362
34,W4288280764,Statistical Significance Testing in Information Retrieval,"Alan Hanjalić, Harlley Lima, Julián Urbano",2019,40,https://doi.org/10.1145/3331184.3331259
35,W2963869731,DKN,"Fuzheng Zhang, Hongwei Wang, Minyi Guo, Xing Xie",2018,1027,https://doi.org/10.1145/3178876.3186175
36,W3004493409,Bias in data‐driven artificial intelligence systems—An introductory survey,"Bettina Berendt, Christian Heinze, Claudia Wagner, Eirini Ntoutsi, Emmanouil Krasanakis, Fariba Karimi, Franco Turini, Gjergji Kasneci, Harith Alani, Ioannis Kompatsiaris, Katharina Kinder‐Kurlanda, Klaus Broelemann, María-Esther Vidal, Miriam Fernández, Pavlos Fafalios, Salvatore Ruggieri, Steffen Staab, Symeon Papadopoulos, Thanassis Tiropanis, Tina Kruegel, Ujwal Gadiraju, Vasileios Iosifidis, Wolfgang Nejdl",2020,952,https://doi.org/10.1002/widm.1356
37,W2575006718,Joint Deep Modeling of Users and Items Using Reviews for Recommendation,"Lei Zheng, Philip S. Yu, Vahid Noroozi",2017,1008,https://doi.org/10.1145/3018661.3018665
38,W2648699835,End-to-End Neural Ad-hoc Ranking with Kernel Pooling,"Chenyan Xiong, Jamie Callan, Russell Power, Zhiyuan Liu, Zhuyun Dai",2017,570,https://doi.org/10.1145/3077136.3080809
39,W2798787718,Rumor Detection on Twitter with Tree-structured Recursive Neural Networks,"Jing Ma, Kam‐Fai Wong, Wei Gao",2018,615,https://doi.org/10.18653/v1/p18-1184
40,W4229023256,MCCS-LSTM: Extracting Full-Image Contextual Information and Multi-Scale Spatiotemporal Feature for Radar Echo Extrapolation,"Huantong Geng, Liangchao Geng",2022,12,https://doi.org/10.3390/atmos13020192
41,W2739665119,Cross-Device User Linking,"Aixin Sun, Minh C. Phan, Yi Tay",2017,7,https://doi.org/10.1145/3077136.3080682
42,W184758014,A Machine Learning Approach to Twitter User Classification,"Ana-Maria Popescu, Marco Pennacchiotti",2021,555,https://doi.org/10.1609/icwsm.v5i1.14139
43,W2742144412,Detect Rumors in Microblog Posts Using Propagation Structure via Kernel Learning,"Jing Ma, Kam‐Fai Wong, Wei Gao",2017,615,https://doi.org/10.18653/v1/p17-1066
44,W2966349618,Explainable Reasoning over Knowledge Graphs for Recommendation,"Canran Xu, Dingxian Wang, Tat‐Seng Chua, Xiang Wang, Xiangnan He, Yixin Cao",2019,728,https://doi.org/10.1609/aaai.v33i01.33015329
45,W3158190782,CIKM 2020 conference report,"Mathieu d’Aquin, Stefan Dietze",2021,0,https://doi.org/10.1145/3460304.3460305
46,W4409725118,CIKM 2024 Conference Report,"Edoardo Serra, Francesca Spezzano, Francesco Gullo",2025,0,https://doi.org/10.1145/3726831.3726832
47,W2556605533,Improving sentiment analysis via sentence type classification using BiLSTM-CRF and CNN,"Ruifeng Xu, Tao Chen, Xuan Wang, Yulan He",2016,732,https://doi.org/10.1016/j.eswa.2016.10.065
48,W2499696929,Representation Learning of Knowledge Graphs with Entity Descriptions,"Huanbo Luan, Jia Jia, Maosong Sun, Ruobing Xie, Zhiyuan Liu",2016,723,https://doi.org/10.1609/aaai.v30i1.10329
49,W2989445916,Pipelines for Procedural Information Extraction from Scientific Literature: Towards Recipes using Machine Learning and Data Science,"Alice Lam, Carlos Aguirre, David Buttler, Derek Christensen, Emily Davich, Huichen Yang, Jordan Daniel Roth, Lei Luo, Luis Bobadilla, Maria F. De La Torre, T. Yong-Jin Han, William H. Hsu, Yihong Theis",2019,13,https://doi.org/10.1109/icdarw.2019.10037
50,W2963655167,VBPR: Visual Bayesian Personalized Ranking from Implicit Feedback,"Julian McAuley, Ruining He",2016,920,https://doi.org/10.1609/aaai.v30i1.9973
51,W2337344967,A Comparative Evaluation of Unsupervised Anomaly Detection Algorithms for Multivariate Data,"Markus Goldstein, Seiichi Uchida",2016,969,https://doi.org/10.1371/journal.pone.0152173
52,W2889224917,Correlated Time Series Forecasting using Deep Neural Networks: A Summary of Results,"Bin Yang, Chenjuan Guo, Darius-Valer Micu, Gabriel-Marcel Muresan, Razvan-Gabriel Cirstea",2018,17,https://doi.org/10.48550/arxiv.1808.09794
53,W4383219836,CIKM 2022 Conference Report,"Li Xiong, Mohammad Al Hasan",2023,0,https://doi.org/10.1145/3599685.3599687
54,W4393819574,Datasets Neo4J For Cikm'18,LIU,2018,0,https://doi.org/10.5281/zenodo.1251782
55,W2788114581,DeepMove,"Ang Guo, Chao Zhang, Depeng Jin, Fanchao Meng, Funing Sun, Jie Feng, Yong Li",2018,663,https://doi.org/10.1145/3178876.3186058
56,W4315977496,"A Survey of Graph Neural Networks for Recommender Systems: Challenges, Methods, and Directions","Chen Gao, Depeng Jin, Jianxin Chang, Jinghua Piao, Nian Li, Xiangnan He, Yinfeng Li, Yingrong Qin, Yong Li, Yu Zheng, Yuhan Quan",2023,624,https://doi.org/10.1145/3568022
57,W4393439325,Datasets Neo4J For Cikm'18,Liu,2018,0,https://doi.org/10.5281/zenodo.1251783
58,W4301621477,Proceedings of the 11th Workshop on Geographic Information Retrieval,,2017,9,https://doi.org/10.1145/3155902
59,W893486657,What Yelp Fake Review Filter Might Be Doing?,"Arjun Mukherjee, Bing Liu, Natalie Glance, Vivek V. Venkataraman",2021,551,https://doi.org/10.1609/icwsm.v7i1.14389
60,W2300469216,Knowledge graph refinement: A survey of approaches and evaluation methods,Heiko Paulheim,2016,1185,https://doi.org/10.3233/sw-160218
61,W2963169753,GraphGAN: Graph Representation Learning With Generative Adversarial Nets,"Fuzheng Zhang, Hongwei Wang, Jia Wang, Jialin Wang, Miao Zhao, Minyi Guo, Weinan Zhang, Xing Xie",2018,599,https://doi.org/10.1609/aaai.v32i1.11872
62,W2406945108,Fine-Grained Entity Recognition,"Daniel S. Weld, Xiao Ling",2021,513,https://doi.org/10.1609/aaai.v26i1.8122
63,W3045841900,Learning sequential and general interests via a joint neural model for session-based recommendation,"Bang Wang, Zizhuo Zhang",2020,22,https://doi.org/10.1016/j.neucom.2020.07.039
64,W2798918712,Continuous-Time Dynamic Network Embeddings,"Eunyee Koh, Giang Nguyen, John Boaz Lee, Nesreen K. Ahmed, Ryan A. Rossi, Sungchul Kim",2018,536,https://doi.org/10.1145/3184558.3191526
65,W4306316941,Proceedings of the 31st ACM International Conference on Information &amp; Knowledge Management,,2022,2,https://doi.org/10.1145/3511808
66,W2768073775,Additional Workshops Co-located with CIKM 2017,Marianne Winslett,2017,0,https://doi.org/10.1145/3132847.3152359
67,W2518582440,Using recurrent neural network models for early detection of heart failure onset,"Andy Schuetz, Edward Choi, Jimeng Sun, Walter F. Stewart",2016,938,https://doi.org/10.1093/jamia/ocw112
68,W2593408211,A Stylometric Inquiry into Hyperpartisan and Fake News,"Benno Stein, Janek Bevendorff, Johannes Kiesel, Kevin Reinartz, Martin Potthast",2018,683,https://doi.org/10.18653/v1/p18-1022
69,W3153858161,Pick and Choose: A GNN-based Imbalanced Learning Approach for Fraud Detection,"Hao Yang, Jianfeng Chi, Jinghua Feng, Qing He, Xiang Ao, Yang Liu, Zidi Qin",2021,376,https://doi.org/10.1145/3442381.3449989
70,W2739351760,SemEval-2017 Task 1: Semantic Textual Similarity Multilingual and Crosslingual Focused Evaluation,"Daniel Cer, Eneko Agirre, Inigo Lopez-Gazpio, Lucia Specia, Mona Diab",2017,553,https://doi.org/10.18653/v1/s17-2001
71,W2962736999,A Deep Neural Network for Unsupervised Anomaly Detection and Diagnosis in Multivariate Time Series Data,"Bo Zong, Chuxu Zhang, Cristian Lumezanu, Dongjin Song, Haifeng Chen, Jingchao Ni, Nitesh V. Chawla, Wei Cheng, Xinyang Feng, Yuncong Chen",2019,755,https://doi.org/10.1609/aaai.v33i01.33011409
72,W141062567,Unsupervised Feature Selection Using Nonnegative Spectral Analysis,"Hanqing Lu, Jing Liu, Xiaofang Zhou, Yi Yang, Zechao Li",2021,514,https://doi.org/10.1609/aaai.v26i1.8289
73,W4391114260,Report on the PhD Symposium at CIKM 2023,"Christine Bauer, Haiming Liu",2023,0,https://doi.org/10.1145/3642979.3643003
74,W3017402509,GCAN: Graph-aware Co-Attention Networks for Explainable Fake News Detection on Social Media,"Cheng–Te Li, Yi-Ju Lu",2020,385,https://doi.org/10.18653/v1/2020.acl-main.48
75,W3010336026,Knowledge Graphs,"Aidan Hogan, Anisa Rula, Antoine Zimmermann, Axel Polleres, Axel-Cyrille Ngonga Ngomo, Claudia d’Amato, Claudio Gutiérrez, Eva Blomqvist, Gerard de Melo, José Emilio Labra Gayo, Juan Sequeda, Lukas Schmelzeisen, Michael Cochez, Roberto Navigli, Sabbir M. Rashid, Sabrina Kirrane, Sebastian Neumaier, Steffen Staab",2021,1386,https://doi.org/10.1145/3447772
76,W11244355,Event Detection in Twitter,"Bu‐Sung Lee, Jianshu Weng",2021,716,https://doi.org/10.1609/icwsm.v5i1.14102
77,W2294749418,Exploring Millions of Footprints in Location Sharing Services,"Daniel Z. Sui, James Caverlee, Kyumin Lee, Zhiyuan Cheng",2021,694,https://doi.org/10.1609/icwsm.v5i1.14109
78,W4393797984,CauseNet: Towards a Causality Graph Extracted from the Web,"Axel-Cyrille Ngonga Ngomo, Henning Wachsmuth, Martin Potthast, Stefan Heindorf, Yan Scholten",2020,15,https://doi.org/10.5281/zenodo.3876154
79,W2466175319,A Corpus and Cloze Evaluation for Deeper Understanding of Commonsense Stories,"Devi Parikh, Dhruv Batra, James F. Allen, Lucy Vanderwende, Nasrin Mostafazadeh, Nathanael Chambers, Pushmeet Kohli, Xiaodong He",2016,614,https://doi.org/10.18653/v1/n16-1098
80,W2964732194,Attributed Graph Clustering: A Deep Attentional Embedding Approach,"Chengqi Zhang, Chun Wang, Guodong Long, Jing Jiang, Ruiqi Hu, Shirui Pan",2019,525,https://doi.org/10.24963/ijcai.2019/509
81,W4393680109,CIKM-21-Misbeliefs-and-Biases-in-Health-Related-Searches,"Alexander Bondarenko, Matthias Hagen",2023,0,https://doi.org/10.5281/zenodo.8261689
82,W2951307134,dEFEND,"Dongwon Lee, Huan Liu, Kai Shu, Limeng Cui, Suhang Wang",2019,569,https://doi.org/10.1145/3292500.3330935
83,W4393680891,CIKM-21-Misbeliefs-and-Biases-in-Health-Related-Searches,"Alexander Bondarenko, Matthias Hagen",2023,0,https://doi.org/10.5281/zenodo.8261690
84,W2945127593,Deeper Text Understanding for IR with Contextual Neural Language Modeling,"Jamie Callan, Zhuyun Dai",2019,405,https://doi.org/10.1145/3331184.3331303
85,W4393628599,Virtuoso Dataset For Cikm'18,Liu,2018,0,https://doi.org/10.5281/zenodo.1251814
86,W2799252690,"Users, Adaptivity, and Bad Abandonment","Alfan Farizki Wicaksono, Alistair Moffat",2018,5,https://doi.org/10.1145/3209978.3210075
87,W4393667509,Virtuoso Dataset For Cikm'18,LIU,2018,0,https://doi.org/10.5281/zenodo.1251815
88,W4387847130,Leveraging Graph Neural Networks for User Profiling: Recent Advances and Open Challenges,"Erasmo Purificato, Ernesto William De Luca, Ludovico Boratto",2023,8,https://doi.org/10.1145/3583780.3615292
89,W4389316311,Ensemble Learning Methods for Dirty Data: A Keynote at CIKM 2022,Ling Liu,2023,0,https://doi.org/10.1145/3636341.3636346
90,W2963855739,Joint Learning of the Embedding of Words and Entities for Named Entity Disambiguation,"Hideaki Takeda, Hiroyuki Shindo, Ikuya Yamada, Yoshiyasu Takefuji",2016,329,https://doi.org/10.18653/v1/k16-1025
91,W2910684261,Report on GLARE 2018,"Ian Soboroff, Nicola Ferro, Norbert Fuhr",2019,3,https://doi.org/10.1145/3308774.3308796
92,W2991106309,CIKM 2018 Workshops: Preface.,"Alfredo Cuzzocrea, Dimitrios Gunopulos, Francesco Bonchi",2018,0,http://ceur-ws.org/Vol-2482/paper1.pdf
93,W2998187693,Toward A Thousand Lights: Decentralized Deep Reinforcement Learning for Large-Scale Traffic Signal Control,"Chacha Chen, Guanjie Zheng, Hua Wei, Kai Xu, Ming Yang, Nan Xu, Yuanhao Xiong, Zhenhui Li",2020,364,https://doi.org/10.1609/aaai.v34i04.5744
94,W2962741379,Double Embeddings and CNN-based Sequence Labeling for Aspect Extraction,"Bing Liu, Hu Xu, Lei Shu, Philip S. Yu",2018,415,https://doi.org/10.18653/v1/p18-2094
95,W7133526479,Report on the 34th ACM Conference on Information and Knowledge Management (CIKM 2025),"Carl Yang, Chanyoung Park, Jaap Kamps, Meeyoung Cha, NaHyeon Park, Senjuti Basu Roy, Zhenhui Jessie Li",2025,0,https://doi.org/10.1145/3799914.3799932
96,W4285294723,GLM: General Language Model Pretraining with Autoregressive Blank Infilling,"Jie Tang, Jiezhong Qiu, Ming Ding, Xiao Liu, Yujie Qian, Zhengxiao Du, Zhilin Yang",2022,889,https://doi.org/10.18653/v1/2022.acl-long.26
97,W2592481656,CIKM 2016 general chairs' welcome,"ChengXiang Zhai, Snehasis Mukhopadhyay",2016,0,https://openalex.org/W2592481656
98,W2469279958,SNAP,"Jure Leskovec, Rok Sosič",2016,840,https://doi.org/10.1145/2898361
99,W4393653820,CIKM 2023 - KGrEaT Evaluation Results,­ Anonymous,2023,0,https://doi.org/10.5281/zenodo.8050446
